{"cameraMode":{"drawMode":0,"name":"Shaded","section":"Shading Mode"},"sceneLighting":true,"audioPlay":false,"sceneViewState":{"showFog":true,"showMaterialUpdate":false,"showSkybox":true,"showFlares":true,"showImageEffects":true,"showParticleSystems":true},"in2DMode":false,"pivot":{"x":581.9920043945313,"y":259.1537170410156,"z":273.368896484375},"rotation":{"x":-0.13638459146022798,"y":0.005049796774983406,"z":-0.0006908820359967649,"w":-0.9906688928604126},"size":581.5423583984375,"orthographic":false}